User_ID,Product_ID,Gender,Age_Group,Occupation,City_Category,Stay_In_Current_City_Years,Marital_Status,Product_Category,Purchase_Amount
1000001,P00069042,F,0-17,10,A,2,Single,3,83.70
1000001,P00248942,F,0-17,10,A,2,Single,1,152.00
1000001,P00087842,F,0-17,10,A,2,Single,12,14.22
1000001,P00085442,F,0-17,10,A,2,Single,12,10.57
1000002,P00285442,M,55+,16,C,4+,Single,8,79.69
1000003,P00193542,M,26-35,15,A,3,Single,1,152.27
1000004,P00184942,M,46-50,7,B,2,Married,1,192.15
1000004,P00346142,M,46-50,7,B,2,Married,1,158.54
1000004,P0097242,M,46-50,7,B,2,Married,1,156.86
1000005,P00274942,M,26-35,20,A,1,Married,8,78.71
1000005,P00251242,M,26-35,20,A,1,Married,5,52.54
1000005,P00014542,M,26-35,20,A,1,Married,8,39.57
1000005,P00031342,M,26-35,20,A,1,Married,8,60.73
1000005,P00145042,M,26-35,20,A,1,Married,1,156.65
1000006,P00231342,F,51-55,9,A,1,Single,5,53.78
1000006,P00190242,F,51-55,9,A,1,Single,4,20.79
1000006,P0096642,F,51-55,9,A,1,Single,2,130.55
1000006,P00058442,F,51-55,9,A,1,Single,5,88.51
1000007,P00036842,M,36-45,1,B,1,Married,1,117.88
1000008,P00249542,M,26-35,12,C,4+,Married,1,196.14
1000008,P00220442,M,26-35,12,C,4+,Married,5,85.84
1000008,P00156442,M,26-35,12,C,4+,Married,8,98.72
1000008,P00213742,M,26-35,12,C,4+,Married,8,97.43
1000008,P00214442,M,26-35,12,C,4+,Married,8,59.82
1000008,P00303442,M,26-35,12,C,4+,Married,1,119.27
1000009,P00135742,M,26-35,17,C,0,Single,6,166.62
1000009,P00039942,M,26-35,17,C,0,Single,8,58.87
1000009,P00161442,M,26-35,17,C,0,Single,5,69.73
1000009,P00078742,M,26-35,17,C,0,Single,5,53.91
1000010,P00085942,F,36-45,1,B,4+,Married,2,163.52
1000010,P00118742,F,36-45,1,B,4+,Married,5,88.86
1000010,P00297942,F,36-45,1,B,4+,Married,8,58.75
1000010,P00266842,F,36-45,1,B,4+,Married,5,88.54
1000010,P00058342,F,36-45,1,B,4+,Married,3,109.46
1000010,P00032442,F,36-45,1,B,4+,Married,5,51.52
1000010,P00105942,F,36-45,1,B,4+,Married,5,70.89
1000010,P00182642,F,36-45,1,B,4+,Married,2,129.09
1000010,P00186942,F,36-45,1,B,4+,Married,5,87.70
1000010,P00155442,F,36-45,1,B,4+,Married,1,152.12
1000010,P00221342,F,36-45,1,B,4+,Married,1,157.05
1000010,P00087242,F,36-45,1,B,4+,Married,14,79.47
1000010,P00111142,F,36-45,1,B,4+,Married,1,189.63
1000010,P00259342,F,36-45,1,B,4+,Married,5,87.18
1000010,P0094542,F,36-45,1,B,4+,Married,2,164.06
1000010,P00148642,F,36-45,1,B,4+,Married,6,126.42
1000010,P00312142,F,36-45,1,B,4+,Married,8,100.07
1000010,P00113242,F,36-45,1,B,4+,Married,1,115.62
1000011,P00192642,F,26-35,1,C,1,Single,8,61.71
1000011,P00110842,F,26-35,1,C,1,Single,1,193.27
1000011,P00189642,F,26-35,1,C,1,Single,8,80.27
1000012,P00304242,M,26-35,12,C,2,Single,1,152.46
1000012,P00365242,M,26-35,12,C,2,Single,5,68.65
1000013,P00129542,M,46-50,1,C,3,Married,8,58.39
1000013,P00140742,M,46-50,1,C,3,Married,1,159.12
1000013,P00182342,M,46-50,1,C,3,Married,1,121.07
1000014,P00276642,M,36-45,0,C,0,Single,8,58.48
1000015,P00334242,M,26-35,7,A,1,Single,1,196.53
1000015,P00247542,M,26-35,7,A,1,Single,8,59.58
1000015,P00338442,M,26-35,7,A,1,Single,1,114.15
1000015,P00275142,M,26-35,7,A,1,Single,5,53.80
1000015,P00333042,M,26-35,7,A,1,Single,5,35.94
1000015,P00166242,M,26-35,7,A,1,Single,8,42.09
1000015,P00161942,M,26-35,7,A,1,Single,5,54.07
1000015,P00348242,M,26-35,7,A,1,Single,8,78.03
1000015,P00042142,M,26-35,7,A,1,Single,1,114.58
1000016,P00244242,F,36-45,0,C,0,Married,1,117.55
1000016,P00217742,F,36-45,0,C,0,Married,5,87.02
1000017,P00019342,M,51-55,1,C,0,Single,1,158.72
1000017,P00100642,M,51-55,1,C,0,Single,5,86.09
1000017,P00073842,M,51-55,1,C,0,Single,1,151.72
1000018,P00366542,F,18-25,3,B,3,Single,5,17.80
1000018,P00190742,F,18-25,3,B,3,Single,3,107.54
1000018,P00151842,F,18-25,3,B,3,Single,4,28.02
1000018,P00112642,F,18-25,3,B,3,Single,1,194.73
1000018,P00118442,F,18-25,3,B,3,Single,1,196.72
1000018,P00034442,F,18-25,3,B,3,Single,1,193.13
1000018,P00222242,F,18-25,3,B,3,Single,1,151.82
1000018,P00118342,F,18-25,3,B,3,Single,2,159.85
1000018,P00324742,F,18-25,3,B,3,Single,2,164.54
1000018,P00190042,F,18-25,3,B,3,Single,3,135.51
1000018,P0094142,F,18-25,3,B,3,Single,4,6.97
1000018,P00138542,F,18-25,3,B,3,Single,5,70.30
1000018,P00158542,F,18-25,3,B,3,Single,5,54.30
1000018,P00157542,F,18-25,3,B,3,Single,8,80.11
1000018,P00044142,F,18-25,3,B,3,Single,8,59.12
1000019,P00112542,M,0-17,10,A,3,Single,1,77.46
1000019,P00339542,M,0-17,10,A,3,Single,1,195.25
1000019,P00127842,M,0-17,10,A,3,Single,1,119.59
1000019,P00125942,M,0-17,10,A,3,Single,1,191.72
1000019,P00251342,M,0-17,10,A,3,Single,5,87.73
1000019,P00249642,M,0-17,10,A,3,Single,3,110.23
1000019,P00124842,M,0-17,10,A,3,Single,11,46.54
1000019,P00250642,M,0-17,10,A,3,Single,11,46.64
1000019,P00058142,M,0-17,10,A,3,Single,3,82.90
1000019,P00117442,M,0-17,10,A,3,Single,5,70.11
1000019,P00251642,M,0-17,10,A,3,Single,1,42.11
1000019,P00244842,M,0-17,10,A,3,Single,11,15.39
1000021,P00220242,M,18-25,16,B,0,Single,3,30.55
1000022,P00351142,M,18-25,15,A,4+,Single,1,120.99
1000022,P00213242,M,18-25,15,A,4+,Single,5,87.97
1000022,P00195942,M,18-25,15,A,4+,Single,3,106.81
1000022,P00115642,M,18-25,15,A,4+,Single,8,78.01
1000022,P0098242,M,18-25,15,A,4+,Single,1,155.17
1000022,P00262242,M,18-25,15,A,4+,Single,1,120.98
1000022,P00258742,M,18-25,15,A,4+,Single,5,69.76
1000022,P00218242,M,18-25,15,A,4+,Single,5,53.84
1000022,P00021742,M,18-25,15,A,4+,Single,5,69.73
1000022,P00313042,M,18-25,15,A,4+,Single,5,51.68
1000022,P00133742,M,18-25,15,A,4+,Single,5,34.49
1000022,P00077042,M,18-25,15,A,4+,Single,5,71.77
1000022,P00280542,M,18-25,15,A,4+,Single,11,45.70
1000022,P00225842,M,18-25,15,A,4+,Single,2,95.64
1000023,P00278942,M,36-45,0,B,3,Married,1,157.66
1000023,P00004742,M,36-45,0,B,3,Married,6,84.81
1000023,P00198042,M,36-45,0,B,3,Married,11,61.08
1000023,P00177442,M,36-45,0,B,3,Married,1,153.54
1000023,P00000642,M,36-45,0,B,3,Married,1,120.15
1000023,P00288942,M,36-45,0,B,3,Married,1,153.71
1000023,P00270942,M,36-45,0,B,3,Married,1,192.39
1000023,P00345842,M,36-45,0,B,3,Married,2,161.37
1000023,P00032042,M,36-45,0,B,3,Married,1,118.87
1000023,P00313042,M,36-45,0,B,3,Married,5,51.83
1000023,P00112342,M,36-45,0,B,3,Married,13,5.84
1000023,P00031842,M,36-45,0,B,3,Married,1,76.01
1000024,P00346642,F,26-35,7,A,3,Married,8,22.30
1000024,P00205642,F,26-35,7,A,3,Married,5,69.40
1000024,P00248942,F,26-35,7,A,3,Married,1,157.74
1000025,P00206442,M,18-25,4,C,4+,Single,1,153.61
1000025,P00046742,M,18-25,4,C,4+,Single,1,157.70
1000025,P00120042,M,18-25,4,C,4+,Single,1,189.74
1000026,P00043242,M,26-35,7,B,2,Married,5,18.48
1000026,P00057242,M,26-35,7,B,2,Married,5,36.24
1000026,P00022842,M,26-35,7,B,2,Married,5,52.75
1000026,P00252042,M,26-35,7,B,2,Married,5,53.56
1000026,P00042242,M,26-35,7,B,2,Married,5,54.11
1000026,P00059542,M,26-35,7,B,2,Married,2,97.34
1000026,P00346642,M,26-35,7,B,2,Married,8,78.14
1000026,P00021242,M,26-35,7,B,2,Married,8,60.98
1000026,P00023042,M,26-35,7,B,2,Married,5,51.95
1000026,P00144242,M,26-35,7,B,2,Married,5,52.20
1000026,P00101342,M,26-35,7,B,2,Married,6,160.93
1000026,P00289342,M,26-35,7,B,2,Married,5,37.02
1000027,P00281742,M,26-35,11,C,1,Married,5,86.96
1000027,P00266642,M,26-35,11,C,1,Married,1,77.30
1000027,P00323742,M,26-35,11,C,1,Married,8,98.36
1000027,P00116342,M,26-35,11,C,1,Married,2,165.00
1000027,P00117142,M,26-35,11,C,1,Married,2,159.03
1000028,P00084442,F,26-35,1,C,2,Married,13,7.58
1000028,P00331542,F,26-35,1,C,2,Married,5,69.04
1000028,P00118742,F,26-35,1,C,2,Married,5,86.90
1000028,P00178942,F,26-35,1,C,2,Married,5,86.24
1000028,P00026042,F,26-35,1,C,2,Married,8,39.04
1000029,P00233542,M,36-45,7,C,1,Single,1,190.68
1000029,P00127242,M,36-45,7,C,1,Single,1,79.63
1000029,P00349942,M,36-45,7,C,1,Single,1,155.11
1000029,P00303342,M,36-45,7,C,1,Single,1,118.59
1000030,P00051442,F,36-45,7,C,3,Single,8,97.35
1000030,P00275642,F,36-45,7,C,3,Single,8,41.66
1000030,P00278642,F,36-45,7,C,3,Single,5,69.27
1000031,P00117442,M,55+,7,C,2,Single,5,85.96
1000031,P00322042,M,55+,7,C,2,Single,5,52.48
1000031,P00216342,M,55+,7,C,2,Single,3,105.92
1000031,P00329342,M,55+,7,C,2,Single,5,34.82
1000032,P00332342,F,26-35,0,C,3,Married,5,71.34
1000033,P00285442,M,46-50,3,A,1,Married,8,78.54
1000033,P00111742,M,46-50,3,A,1,Married,15,173.91
1000033,P00293742,M,46-50,3,A,1,Married,8,60.74
1000033,P00032842,M,46-50,3,A,1,Married,8,61.19
1000033,P00216142,M,46-50,3,A,1,Married,1,153.33
1000033,P00001642,M,46-50,3,A,1,Married,8,61.29
1000033,P00351842,M,46-50,3,A,1,Married,5,52.65
1000033,P00145442,M,46-50,3,A,1,Married,8,78.88
1000033,P00344242,M,46-50,3,A,1,Married,8,40.35
1000033,P00327242,M,46-50,3,A,1,Married,5,52.80
1000033,P00241142,M,46-50,3,A,1,Married,8,79.09
1000033,P00219242,M,46-50,3,A,1,Married,4,8.11
1000033,P00057342,M,46-50,3,A,1,Married,4,28.46
1000033,P00165742,M,46-50,3,A,1,Married,8,79.94
1000033,P00154642,M,46-50,3,A,1,Married,8,38.97
1000034,P00192942,F,18-25,0,A,0,Single,5,69.96
1000034,P00247042,F,18-25,0,A,0,Single,5,85.93
1000034,P00150542,F,18-25,0,A,0,Single,5,69.17
1000034,P00347142,F,18-25,0,A,0,Single,5,53.29
1000034,P00326742,F,18-25,0,A,0,Single,11,59.42
1000034,P00085942,F,18-25,0,A,0,Single,2,158.95
1000034,P00330442,F,18-25,0,A,0,Single,5,71.65
1000034,P00327842,F,18-25,0,A,0,Single,8,98.46
1000034,P00218342,F,18-25,0,A,0,Single,5,87.01
1000034,P00259042,F,18-25,0,A,0,Single,5,87.57
1000035,P00102542,M,46-50,1,C,4+,Married,8,61.09
1000035,P00285442,M,46-50,1,C,4+,Married,8,61.39
1000035,P00121142,M,46-50,1,C,4+,Married,8,58.97
1000035,P00228242,M,46-50,1,C,4+,Married,8,39.90
1000035,P00129542,M,46-50,1,C,4+,Married,8,61.53
1000035,P00309542,M,46-50,1,C,4+,Married,5,53.19
1000035,P00106742,M,46-50,1,C,4+,Married,3,107.67
1000036,P00102642,M,26-35,3,B,0,Single,4,28.32
1000036,P00127442,M,26-35,3,B,0,Single,1,80.66
1000036,P00345642,M,26-35,3,B,0,Single,1,158.12
1000036,P00357842,M,26-35,3,B,0,Single,5,69.67
1000036,P00115342,M,26-35,3,B,0,Single,5,69.22
1000036,P00174442,M,26-35,3,B,0,Single,5,86.21
1000036,P00282642,M,26-35,3,B,0,Single,5,70.30
1000036,P00150542,M,26-35,3,B,0,Single,5,71.72
1000036,P00037142,M,26-35,3,B,0,Single,1,157.69
1000036,P00192042,M,26-35,3,B,0,Single,5,68.71
1000036,P00197542,M,26-35,3,B,0,Single,5,71.71
1000036,P00048742,M,26-35,3,B,0,Single,5,71.39
1000036,P00110142,M,26-35,3,B,0,Single,7,162.80
1000036,P00120842,M,26-35,3,B,0,Single,8,98.94
1000036,P00267742,M,26-35,3,B,0,Single,5,36.64
1000036,P00086442,M,26-35,3,B,0,Single,8,78.69
1000036,P00331842,M,26-35,3,B,0,Single,16,168.66
1000036,P00288642,M,26-35,3,B,0,Single,16,204.42
1000036,P00318742,M,26-35,3,B,0,Single,1,115.18
1000036,P00028442,M,26-35,3,B,0,Single,1,152.85
1000036,P00208342,M,26-35,3,B,0,Single,1,155.24
1000036,P00193542,M,26-35,3,B,0,Single,1,192.78
1000036,P00277442,M,26-35,3,B,0,Single,1,154.45
1000037,P00085242,F,26-35,9,C,1,Single,8,80.34
1000039,P00279442,M,18-25,4,B,2,Single,16,124.64
1000039,P00351142,M,18-25,4,B,2,Single,1,153.19
1000041,P00235242,F,18-25,4,C,3,Single,8,59.15
1000041,P00251542,F,18-25,4,C,3,Single,11,60.25
1000042,P00046742,M,26-35,8,C,0,Married,1,194.33
1000042,P00003242,M,26-35,8,C,0,Married,8,60.27
1000042,P00221542,M,26-35,8,C,0,Married,5,70.40
1000042,P00142142,M,26-35,8,C,0,Married,1,119.65
1000042,P00044442,M,26-35,8,C,0,Married,1,154.69
1000042,P00147742,M,26-35,8,C,0,Married,1,119.25
1000042,P00030942,M,26-35,8,C,0,Married,4,28.26
1000042,P00288042,M,26-35,8,C,0,Married,8,40.13
1000042,P00313142,M,26-35,8,C,0,Married,8,59.14
1000042,P00195442,M,26-35,8,C,0,Married,5,71.76
1000043,P00255842,M,26-35,12,A,0,Single,16,209.61
1000044,P00112142,M,46-50,17,B,3,Married,1,190.72
1000044,P00120342,M,46-50,17,B,3,Married,5,71.79
1000044,P00110542,M,46-50,17,B,3,Married,8,79.95
1000044,P00279942,M,46-50,17,B,3,Married,8,41.24
1000044,P00303742,M,46-50,17,B,3,Married,8,77.72
1000044,P00140742,M,46-50,17,B,3,Married,1,117.99
1000044,P00190042,M,46-50,17,B,3,Married,3,132.51
1000044,P00316742,M,46-50,17,B,3,Married,4,35.24
1000044,P00233542,M,46-50,17,B,3,Married,1,158.53
1000044,P00115242,M,46-50,17,B,3,Married,5,17.28
1000044,P00338442,M,46-50,17,B,3,Married,1,116.93
1000044,P00302842,M,46-50,17,B,3,Married,8,78.52
1000044,P00124842,M,46-50,17,B,3,Married,11,15.82
1000045,P00066442,F,46-50,16,A,1,Married,5,69.50
1000045,P00273442,F,46-50,16,A,1,Married,12,14.14
1000045,P00210142,F,46-50,16,A,1,Married,14,43.25
1000045,P00212542,F,46-50,16,A,1,Married,8,40.28
1000045,P00321742,F,46-50,16,A,1,Married,5,34.32
1000045,P00020042,F,46-50,16,A,1,Married,5,37.15
1000045,P00051942,F,46-50,16,A,1,Married,5,35.40
1000045,P00251342,F,46-50,16,A,1,Married,5,53.52
1000045,P00303542,F,46-50,16,A,1,Married,5,18.28
1000045,P00228142,F,46-50,16,A,1,Married,5,71.59
1000046,P00123142,M,18-25,19,C,4+,Single,11,76.14
1000046,P00079542,M,18-25,19,C,4+,Single,5,17.84
1000046,P00103142,M,18-25,19,C,4+,Single,1,39.78
1000046,P00305542,M,18-25,19,C,4+,Single,11,74.78
1000047,P00031042,M,18-25,4,C,4+,Married,8,80.43
1000047,P00260042,M,18-25,4,C,4+,Married,5,69.12
1000048,P00055642,M,26-35,4,B,3,Married,4,14.47
1000048,P00312742,M,26-35,4,B,3,Married,15,43.38
1000048,P00010742,M,26-35,4,B,3,Married,1,193.52
1000048,P00147742,M,26-35,4,B,3,Married,1,114.20
1000048,P00303742,M,26-35,4,B,3,Married,8,58.97
1000048,P00223242,M,26-35,4,B,3,Married,5,70.48
1000048,P00114942,M,26-35,4,B,3,Married,1,157.83
1000048,P00277442,M,26-35,4,B,3,Married,1,113.96
1000048,P00183242,M,26-35,4,B,3,Married,5,51.80
1000048,P00030842,M,26-35,4,B,3,Married,1,155.49
1000048,P00220142,M,26-35,4,B,3,Married,1,119.35
1000048,P00130442,M,26-35,4,B,3,Married,3,80.91
1000048,P00323042,M,26-35,4,B,3,Married,5,70.01
1000048,P00344742,M,26-35,4,B,3,Married,5,17.47
1000048,P00182442,M,26-35,4,B,3,Married,5,52.52
1000048,P00015342,M,26-35,4,B,3,Married,2,64.07
1000048,P00113242,M,26-35,4,B,3,Married,1,154.66
1000048,P00288042,M,26-35,4,B,3,Married,8,77.81
1000048,P00103042,M,26-35,4,B,3,Married,1,158.49
1000048,P00187842,M,26-35,4,B,3,Married,1,114.30
1000048,P00162442,M,26-35,4,B,3,Married,1,114.04
1000048,P00078542,M,26-35,4,B,3,Married,1,118.53
1000048,P0094142,M,26-35,4,B,3,Married,4,14.46
1000048,P00324442,M,26-35,4,B,3,Married,11,31.01
1000048,P00041642,M,26-35,4,B,3,Married,5,36.94
1000048,P00050542,M,26-35,4,B,3,Married,5,36.96
1000048,P00006442,M,26-35,4,B,3,Married,5,35.80
1000049,P00051442,M,18-25,12,C,4+,Married,8,98.79
1000049,P00350942,M,18-25,12,C,4+,Married,3,107.83
1000049,P00000142,M,18-25,12,C,4+,Married,3,133.53
1000049,P00127242,M,18-25,12,C,4+,Married,1,157.15
1000049,P00034042,M,18-25,12,C,4+,Married,1,114.63
1000049,P00143142,M,18-25,12,C,4+,Married,8,77.63
1000050,P00317942,F,26-35,2,A,1,Married,8,58.78
1000050,P00335542,F,26-35,2,A,1,Married,8,58.45
1000051,P00361842,F,0-17,10,C,2,Single,15,172.71
1000052,P00147942,M,18-25,4,C,0,Single,1,152.44
1000052,P00000642,M,18-25,4,C,0,Single,1,190.60
1000052,P00037142,M,18-25,4,C,0,Single,1,157.72
1000052,P00028042,M,18-25,4,C,0,Single,1,81.59
1000053,P00117542,M,26-35,0,B,1,Single,18,37.94
1000053,P00120342,M,26-35,0,B,1,Single,5,86.37
1000053,P00130742,M,26-35,0,B,1,Single,1,192.51
1000053,P00024142,M,26-35,0,B,1,Single,8,100.21
1000053,P00127242,M,26-35,0,B,1,Single,1,157.34
1000053,P00209742,M,26-35,0,B,1,Single,1,196.62
1000053,P00160042,M,26-35,0,B,1,Single,1,194.16
1000053,P00042342,M,26-35,0,B,1,Single,8,59.96
1000053,P00016542,M,26-35,0,B,1,Single,1,119.37
1000053,P00016742,M,26-35,0,B,1,Single,1,158.59
1000053,P00227642,M,26-35,0,B,1,Single,1,117.23
1000053,P00146142,M,26-35,0,B,1,Single,1,117.93
1000053,P00070542,M,26-35,0,B,1,Single,3,136.89
1000053,P00129842,M,26-35,0,B,1,Single,6,163.06
1000053,P00243942,M,26-35,0,B,1,Single,1,191.71
1000053,P00246742,M,26-35,0,B,1,Single,11,16.29
1000053,P00310142,M,26-35,0,B,1,Single,5,69.31
1000053,P00244142,M,26-35,0,B,1,Single,1,120.04
1000053,P00085442,M,26-35,0,B,1,Single,12,17.52
1000053,P00190142,M,26-35,0,B,1,Single,3,107.66
1000053,P00109242,M,26-35,0,B,1,Single,6,205.29
1000053,P00089342,M,26-35,0,B,1,Single,8,98.56
1000053,P00288542,M,26-35,0,B,1,Single,8,80.00
1000053,P00212242,M,26-35,0,B,1,Single,8,100.38
1000053,P00319342,M,26-35,0,B,1,Single,5,86.85
1000053,P00302942,M,26-35,0,B,1,Single,8,77.96
1000053,P00145942,M,26-35,0,B,1,Single,6,204.74
1000053,P00026342,M,26-35,0,B,1,Single,8,78.20
1000053,P00148842,M,26-35,0,B,1,Single,6,164.77
1000054,P00299842,M,51-55,1,C,4+,Married,8,61.98
1000054,P00313342,M,51-55,1,C,4+,Married,5,51.85
1000056,P00102442,M,36-45,20,C,0,Married,8,59.80
1000056,P00237542,M,36-45,20,C,0,Married,1,113.70
1000056,P00213742,M,36-45,20,C,0,Married,8,98.34
1000056,P0099342,M,36-45,20,C,0,Married,5,20.12
1000057,P00171542,M,18-25,19,C,2,Single,2,35.81
1000057,P00135742,M,18-25,19,C,2,Single,6,121.31
1000057,P00350342,M,18-25,19,C,2,Single,1,42.90
1000058,P00110742,M,26-35,2,B,3,Single,1,158.24
1000058,P00117642,M,26-35,2,B,3,Single,10,236.03
1000058,P00114142,M,26-35,2,B,3,Single,8,99.40
1000058,P00119142,M,26-35,2,B,3,Single,3,135.57
1000058,P00280742,M,26-35,2,B,3,Single,6,164.20
1000058,P00271142,M,26-35,2,B,3,Single,5,88.42
1000058,P00348242,M,26-35,2,B,3,Single,8,79.59
1000058,P00003942,M,26-35,2,B,3,Single,5,69.87
1000058,P00282642,M,26-35,2,B,3,Single,5,68.55
1000058,P00288642,M,26-35,2,B,3,Single,16,165.79
1000058,P00151742,M,26-35,2,B,3,Single,8,58.51
1000058,P00244142,M,26-35,2,B,3,Single,1,81.47
1000058,P00050642,M,26-35,2,B,3,Single,15,128.50
1000059,P00114742,F,51-55,1,B,4+,Married,8,58.99
1000059,P00113942,F,51-55,1,B,4+,Married,8,39.93
1000059,P00120942,F,51-55,1,B,4+,Married,8,80.84
1000059,P00083842,F,51-55,1,B,4+,Married,5,71.59
1000059,P00148642,F,51-55,1,B,4+,Married,6,120.14
1000059,P00317842,F,51-55,1,B,4+,Married,8,80.07
1000059,P00030642,F,51-55,1,B,4+,Married,8,61.41
1000059,P00273642,F,51-55,1,B,4+,Married,8,96.95
1000059,P00002542,F,51-55,1,B,4+,Married,8,59.00
1000059,P00331642,F,51-55,1,B,4+,Married,12,13.84
1000059,P00331242,F,51-55,1,B,4+,Married,12,14.32
1000059,P0096442,F,51-55,1,B,4+,Married,4,20.74
1000059,P00050242,F,51-55,1,B,4+,Married,8,78.64
1000059,P00131942,F,51-55,1,B,4+,Married,7,87.84
1000059,P00010742,F,51-55,1,B,4+,Married,1,79.88
1000060,P00150542,M,51-55,1,C,1,Married,5,20.48
1000060,P00132042,M,51-55,1,C,1,Married,13,7.42
1000061,P00334242,M,26-35,17,C,1,Single,1,153.65
1000062,P00013742,F,36-45,3,A,1,Single,5,52.34
1000062,P00036842,F,36-45,3,A,1,Single,1,116.94
1000062,P00119342,F,36-45,3,A,1,Single,10,237.92
1000062,P00182142,F,36-45,3,A,1,Single,1,156.54
1000062,P00188942,F,36-45,3,A,1,Single,8,98.44
1000062,P00203142,F,36-45,3,A,1,Single,16,166.98
1000062,P00320442,F,36-45,3,A,1,Single,6,159.57
1000062,P00121642,F,36-45,3,A,1,Single,5,85.99
1000062,P00289542,F,36-45,3,A,1,Single,8,81.38
1000062,P00329742,F,36-45,3,A,1,Single,6,124.22
1000062,P00326642,F,36-45,3,A,1,Single,8,77.66
1000062,P00346142,F,36-45,3,A,1,Single,1,152.08
1000062,P00336142,F,36-45,3,A,1,Single,5,52.84
1000062,P00111442,F,36-45,3,A,1,Single,8,79.65
1000062,P00087242,F,36-45,3,A,1,Single,14,112.79
1000063,P00234742,M,18-25,4,C,2,Single,8,58.81
1000063,P00021742,M,18-25,4,C,2,Single,5,85.87
1000063,P00090842,M,18-25,4,C,2,Single,11,75.52
1000063,P00214542,M,18-25,4,C,2,Single,8,22.26
1000064,P00110942,M,18-25,1,A,1,Married,1,194.62
1000065,P00289942,M,36-45,12,C,2,Married,3,132.53
1000065,P00147942,M,36-45,12,C,2,Married,1,194.20
1000065,P00216142,M,36-45,12,C,2,Married,1,194.09
1000065,P00104842,M,36-45,12,C,2,Married,8,98.89
1000065,P00113142,M,36-45,12,C,2,Married,1,156.28
1000065,P00177942,M,36-45,12,C,2,Married,5,70.53
1000066,P00265242,M,26-35,18,C,2,Single,5,86.52
1000067,P00118142,F,51-55,5,C,4+,Married,8,80.88
1000067,P00003642,F,51-55,5,C,4+,Married,8,98.78
1000067,P00178342,F,51-55,5,C,4+,Married,8,77.71
1000068,P00289742,M,18-25,4,A,0,Single,8,99.38
1000068,P00085042,M,18-25,4,A,0,Single,5,70.36
1000068,P00248942,M,18-25,4,A,0,Single,1,114.29
1000069,P00184942,F,26-35,1,A,1,Single,1,117.15
1000069,P00041542,F,26-35,1,A,1,Single,8,79.73
1000070,P00249142,M,18-25,4,A,2,Single,5,70.76
1000070,P00284042,M,18-25,4,A,2,Single,8,23.04
1000071,P00165442,M,26-35,14,A,0,Married,1,118.46
1000071,P00115942,M,26-35,14,A,0,Married,8,79.08
1000071,P00278642,M,26-35,14,A,0,Married,5,52.23
1000071,P00021742,M,26-35,14,A,0,Married,5,69.96
1000072,P00156442,F,46-50,0,B,1,Married,8,79.68
1000072,P00318742,F,46-50,0,B,1,Married,1,154.26
1000073,P00351142,M,18-25,4,A,4+,Single,1,159.00
1000073,P00074442,M,18-25,4,A,4+,Single,1,118.22
1000073,P00047242,M,18-25,4,A,4+,Single,1,78.02
1000073,P00199042,M,18-25,4,A,4+,Single,1,156.24
1000073,P00192542,M,18-25,4,A,4+,Single,1,152.12
1000074,P00351142,M,36-45,14,A,2,Married,1,155.81
1000074,P00350042,M,36-45,14,A,2,Married,6,124.09
1000075,P00248442,F,0-17,10,C,4+,Single,3,133.37
1000075,P00172842,F,0-17,10,C,4+,Single,3,136.67
1000075,P00198142,F,0-17,10,C,4+,Single,2,127.46
1000075,P00282142,F,0-17,10,C,4+,Single,3,53.49
1000075,P00166942,F,0-17,10,C,4+,Single,2,161.87
1000075,P00187742,F,0-17,10,C,4+,Single,2,163.20
1000075,P00003442,F,0-17,10,C,4+,Single,4,21.29
1000075,P00060242,F,0-17,10,C,4+,Single,3,110.55
1000075,P00137642,F,0-17,10,C,4+,Single,3,110.00
1000075,P00106742,F,0-17,10,C,4+,Single,3,105.78
1000076,P00126142,M,36-45,7,B,2,Married,8,79.09
1000076,P00219842,M,36-45,7,B,2,Married,5,71.90
1000076,P00046142,M,36-45,7,B,2,Married,1,153.93
1000076,P00338442,M,36-45,7,B,2,Married,1,118.67
1000076,P00328142,M,36-45,7,B,2,Married,8,59.73
1000077,P00255542,M,18-25,4,C,2,Single,5,69.09
1000077,P00250842,M,18-25,4,C,2,Single,8,61.44
1000077,P00260142,M,18-25,4,C,2,Single,5,54.32
1000078,P0097142,F,46-50,1,C,0,Married,12,17.20
1000078,P00209842,F,46-50,1,C,0,Married,5,68.52
1000078,P00212942,F,46-50,1,C,0,Married,5,70.61
1000078,P00283942,F,46-50,1,C,0,Married,5,68.68
1000078,P00303242,F,46-50,1,C,0,Married,5,85.98
1000078,P00170442,F,46-50,1,C,0,Married,5,36.24
1000078,P00045842,F,46-50,1,C,0,Married,5,69.86
1000078,P00040442,F,46-50,1,C,0,Married,5,68.62
1000079,P00195842,F,46-50,0,A,1,Single,3,79.62
1000079,P00148642,F,46-50,0,A,1,Single,6,159.43
1000080,P00157542,M,55+,1,C,3,Married,8,97.88
1000080,P00293242,M,55+,1,C,3,Married,8,98.59
1000080,P00064042,M,55+,1,C,3,Married,3,82.48
1000081,P00344242,F,26-35,0,A,1,Married,8,100.58
1000082,P00015542,M,26-35,17,C,2,Married,1,81.62
1000082,P00001642,M,26-35,17,C,2,Married,8,80.45
1000083,P00105142,F,26-35,2,C,1,Single,1,155.84
1000083,P00251242,F,26-35,2,C,1,Single,5,87.75
1000083,P00183442,F,26-35,2,C,1,Single,1,79.96
1000083,P00199442,F,26-35,2,C,1,Single,5,68.89
1000083,P00054542,F,26-35,2,C,1,Single,1,117.30
1000084,P00034742,M,18-25,4,C,1,Single,5,53.15
1000084,P00042242,M,18-25,4,C,1,Single,5,34.97
1000084,P00277442,M,18-25,4,C,1,Single,1,118.96
1000084,P00163142,M,18-25,4,C,1,Single,6,205.95
1000085,P00027142,M,18-25,4,C,1,Single,8,59.86
1000086,P00145042,F,0-17,10,C,3,Single,1,192.83
1000086,P00053942,F,0-17,10,C,3,Single,1,194.42
1000087,P00173342,M,26-35,14,C,2,Single,1,41.21
1000087,P00233342,M,26-35,14,C,2,Single,1,38.47
1000087,P00036842,M,26-35,14,C,2,Single,1,45.28
1000088,P00010842,F,46-50,1,C,1,Married,8,100.22
1000088,P00120242,F,46-50,1,C,1,Married,8,78.09
1000088,P00313342,F,46-50,1,C,1,Married,5,70.19
1000089,P00223942,F,55+,9,C,1,Married,5,88.04
1000089,P00362342,F,55+,9,C,1,Married,5,17.47
1000090,P00027542,M,55+,13,C,1,Single,8,61.22
1000090,P00051442,M,55+,13,C,1,Single,8,78.24
1000090,P00234842,M,55+,13,C,1,Single,5,87.14
1000090,P00029242,M,55+,13,C,1,Single,8,77.86
1000090,P0097842,M,55+,13,C,1,Single,5,69.75
1000090,P00160942,M,55+,13,C,1,Single,1,154.33
1000090,P00136542,M,55+,13,C,1,Single,5,36.67
1000090,P00223242,M,55+,13,C,1,Single,5,53.54
1000090,P00127942,M,55+,13,C,1,Single,1,116.05
1000090,P00248542,M,55+,13,C,1,Single,8,60.78
1000090,P00145842,M,55+,13,C,1,Single,4,14.63
1000090,P00214342,M,55+,13,C,1,Single,5,20.10
1000090,P00161542,M,55+,13,C,1,Single,2,100.09
1000090,P00001942,M,55+,13,C,1,Single,5,71.78
1000091,P00010842,M,36-45,7,C,3,Married,8,60.13
1000091,P00220442,M,36-45,7,C,3,Married,5,88.58
1000091,P00278642,M,36-45,7,C,3,Married,5,52.52
1000091,P00138542,M,36-45,7,C,3,Married,5,87.71
1000092,P00317942,F,18-25,4,B,1,Single,8,78.84
1000092,P00190042,F,18-25,4,B,1,Single,3,134.00
1000092,P00328042,F,18-25,4,B,1,Single,8,22.33
1000092,P00370242,F,18-25,4,B,1,Single,5,35.45
1000092,P00340642,F,18-25,4,B,1,Single,5,18.68
1000092,P00358242,F,18-25,4,B,1,Single,8,59.16
1000092,P0096542,F,18-25,4,B,1,Single,3,57.80
1000092,P0096942,F,18-25,4,B,1,Single,3,57.55
1000092,P00074142,F,18-25,4,B,1,Single,3,31.26
1000092,P00273442,F,18-25,4,B,1,Single,12,13.87
1000092,P00270042,F,18-25,4,B,1,Single,8,21.14
1000092,P00255842,F,18-25,4,B,1,Single,16,164.16
1000092,P00223842,F,18-25,4,B,1,Single,2,34.60
1000092,P00014842,F,18-25,4,B,1,Single,1,114.49
1000092,P00274342,F,18-25,4,B,1,Single,2,64.34
1000093,P00199442,M,26-35,17,B,1,Married,5,70.38
1000093,P00216342,M,26-35,17,B,1,Married,3,110.31
1000093,P00070542,M,26-35,17,B,1,Married,3,132.93
1000093,P00112542,M,26-35,17,B,1,Married,1,158.95
1000093,P00346142,M,26-35,17,B,1,Married,1,192.47
1000093,P00208742,M,26-35,17,B,1,Married,1,80.58
1000093,P00248942,M,26-35,17,B,1,Married,1,117.54
1000093,P00351142,M,26-35,17,B,1,Married,1,120.37
1000093,P00304442,M,26-35,17,B,1,Married,1,154.79
1000093,P00014042,M,26-35,17,B,1,Married,1,78.36
1000093,P00028442,M,26-35,17,B,1,Married,1,159.01
1000093,P00155442,M,26-35,17,B,1,Married,1,115.33
1000093,P00133442,M,26-35,17,B,1,Married,1,116.01
1000093,P00159842,M,26-35,17,B,1,Married,1,42.51
1000093,P00019942,M,26-35,17,B,1,Married,1,82.89
1000093,P00366542,M,26-35,17,B,1,Married,5,36.12
1000094,P00117042,M,26-35,17,C,1,Single,1,154.82
1000095,P00141942,M,46-50,0,C,4+,Married,5,37.46
1000095,P00003642,M,46-50,0,C,4+,Married,8,78.57
1000096,P00117942,F,26-35,16,C,2,Married,5,71.93
1000096,P00001742,F,26-35,16,C,2,Married,8,58.57
1000097,P00209842,F,36-45,3,C,3,Single,5,70.40
1000097,P00293742,F,36-45,3,C,3,Single,8,79.76
1000097,P00315442,F,36-45,3,C,3,Single,1,116.70
1000097,P00297642,F,36-45,3,C,3,Single,8,61.50
1000097,P00088542,F,36-45,3,C,3,Single,5,69.64
1000097,P00089042,F,36-45,3,C,3,Single,13,9.40
1000097,P00175742,F,36-45,3,C,3,Single,8,99.56
1000097,P00115942,F,36-45,3,C,3,Single,8,77.73
1000099,P00317842,F,0-17,10,C,1,Single,8,59.35
1000099,P00334242,F,0-17,10,C,1,Single,1,189.82
1000099,P00035542,F,0-17,10,C,1,Single,3,107.69
1000099,P00129542,F,0-17,10,C,1,Single,8,78.21
1000099,P00234842,F,0-17,10,C,1,Single,5,20.07
1000100,P00057942,M,36-45,17,C,4+,Single,1,116.12
1000100,P00037142,M,36-45,17,C,4+,Single,1,78.24
1000100,P00059442,M,36-45,17,C,4+,Single,6,124.86
1000101,P00278042,F,18-25,3,A,1,Single,1,194.64
1000101,P00154042,F,18-25,3,A,1,Single,1,190.27
1000101,P00014042,F,18-25,3,A,1,Single,1,193.94
1000101,P00262242,F,18-25,3,A,1,Single,1,158.71
1000102,P00010842,M,36-45,19,C,3,Single,8,99.41
1000102,P00334242,M,36-45,19,C,3,Single,1,38.29
1000102,P00337942,M,36-45,19,C,3,Single,5,71.08
1000102,P00274942,M,36-45,19,C,3,Single,8,41.02
1000102,P00229342,M,36-45,19,C,3,Single,5,20.28
1000102,P00274242,M,36-45,19,C,3,Single,1,83.10
1000102,P00084642,M,36-45,19,C,3,Single,13,9.29
1000103,P00071242,M,46-50,7,B,2,Married,1,158.27
1000103,P00050442,M,46-50,7,B,2,Married,1,152.33
1000103,P0097342,M,46-50,7,B,2,Married,1,154.18
1000103,P00165442,M,46-50,7,B,2,Married,1,158.01
1000105,P00269542,M,46-50,12,C,1,Married,11,60.73
1000105,P00045542,M,46-50,12,C,1,Married,5,69.75
1000105,P00139742,M,46-50,12,C,1,Married,8,40.39
1000105,P00332242,M,46-50,12,C,1,Married,1,114.76
1000106,P00205442,F,36-45,11,C,4+,Single,5,70.35
1000106,P00085542,F,36-45,11,C,4+,Single,5,86.45
1000106,P00112142,F,36-45,11,C,4+,Single,1,197.03
1000107,P00323742,M,46-50,18,C,4+,Single,8,97.53
1000107,P00183142,M,46-50,18,C,4+,Single,15,174.03
1000107,P00344242,M,46-50,18,C,4+,Single,8,39.21
1000107,P00298242,M,46-50,18,C,4+,Single,8,58.23
1000107,P00300942,M,46-50,18,C,4+,Single,16,121.63
1000107,P0097142,M,46-50,18,C,4+,Single,12,10.58
1000108,P00013942,M,26-35,12,C,3,Single,5,20.21
1000109,P00087042,M,46-50,15,C,1,Married,10,191.31
1000109,P00087342,M,46-50,15,C,1,Married,5,68.63
1000109,P00195642,M,46-50,15,C,1,Married,5,70.85
1000110,P00035842,M,26-35,2,B,4+,Single,5,69.23
1000111,P00036842,M,36-45,15,C,3,Single,1,153.51
1000111,P00013942,M,36-45,15,C,3,Single,5,51.49
1000112,P00289942,M,26-35,16,C,3,Married,3,135.75
1000113,P00351142,M,18-25,12,C,2,Single,1,196.97
1000113,P00147342,M,18-25,12,C,2,Single,15,127.90
1000114,P00350942,F,26-35,2,C,0,Single,3,109.30
1000114,P00176842,F,26-35,2,C,0,Single,12,17.35
1000116,P00275842,M,26-35,17,C,2,Married,2,161.71
1000116,P00192542,M,26-35,17,C,2,Married,1,157.26
1000117,P00351342,M,26-35,17,A,2,Married,1,83.37
1000117,P00184142,M,26-35,17,A,2,Married,8,97.56
1000117,P00317342,M,26-35,17,A,2,Married,8,81.40
1000117,P00217242,M,26-35,17,A,2,Married,1,120.09
1000117,P00014542,M,26-35,17,A,2,Married,8,59.59
1000117,P00021742,M,26-35,17,A,2,Married,5,86.49
1000117,P00358242,M,26-35,17,A,2,Married,8,20.18
1000117,P00335442,M,26-35,17,A,2,Married,1,78.80
1000117,P0098342,M,26-35,17,A,2,Married,1,194.46
1000117,P00079742,M,26-35,17,A,2,Married,1,83.00
1000117,P00143642,M,26-35,17,A,2,Married,1,118.93
1000117,P00251342,M,26-35,17,A,2,Married,5,54.15
1000117,P00232342,M,26-35,17,A,2,Married,11,29.67
1000117,P00179042,M,26-35,17,A,2,Married,11,45.43
1000117,P00180942,M,26-35,17,A,2,Married,11,14.74
1000117,P00265742,M,26-35,17,A,2,Married,5,54.17
1000118,P00194542,M,36-45,17,C,4+,Single,8,80.81
1000118,P00001742,M,36-45,17,C,4+,Single,8,97.12
1000118,P00127642,M,36-45,17,C,4+,Single,1,159.09
1000118,P00355142,M,36-45,17,C,4+,Single,1,156.51
1000118,P00144642,M,36-45,17,C,4+,Single,1,157.56
1000118,P00201342,M,36-45,17,C,4+,Single,1,80.12
1000118,P00251942,M,36-45,17,C,4+,Single,1,114.08
1000118,P00009342,M,36-45,17,C,4+,Single,1,154.92
1000118,P00345842,M,36-45,17,C,4+,Single,2,95.69
1000118,P00191442,M,36-45,17,C,4+,Single,1,156.87
1000118,P00223242,M,36-45,17,C,4+,Single,5,53.04
1000118,P00120342,M,36-45,17,C,4+,Single,5,69.23
1000119,P00330642,F,0-17,10,C,1,Single,5,52.77
1000119,P00238542,F,0-17,10,C,1,Single,5,70.88
1000119,P0094942,F,0-17,10,C,1,Single,4,21.22
1000119,P00068042,F,0-17,10,C,1,Single,3,55.97
1000119,P00227642,F,0-17,10,C,1,Single,1,158.37
1000120,P00005042,M,26-35,11,C,0,Single,6,161.28
1000121,P00102042,M,36-45,7,C,2,Single,5,36.27
1000121,P00059742,M,36-45,7,C,2,Single,1,194.98
1000122,P00142142,F,18-25,4,C,1,Single,1,45.30
1000123,P00248142,M,36-45,9,B,4+,Married,5,36.39
1000123,P00279342,M,36-45,9,B,4+,Married,5,53.14
1000123,P00267542,M,36-45,9,B,4+,Married,1,121.11
1000123,P00217742,M,36-45,9,B,4+,Married,5,36.31
1000123,P00113242,M,36-45,9,B,4+,Married,1,195.86
1000123,P00000642,M,36-45,9,B,4+,Married,1,189.71
1000123,P00163342,M,36-45,9,B,4+,Married,6,164.56
1000123,P00116842,M,36-45,9,B,4+,Married,2,130.09
1000123,P00036842,M,36-45,9,B,4+,Married,1,156.35
1000123,P00278042,M,36-45,9,B,4+,Married,1,151.81
1000123,P00348742,M,36-45,9,B,4+,Married,16,163.79
1000123,P00061142,M,36-45,9,B,4+,Married,8,61.87
1000123,P00015942,M,36-45,9,B,4+,Married,6,164.46
1000123,P00346542,M,36-45,9,B,4+,Married,10,146.50
1000123,P00188742,M,36-45,9,B,4+,Married,8,78.10
1000123,P00346942,M,36-45,9,B,4+,Married,1,81.43
1000123,P00212542,M,36-45,9,B,4+,Married,8,40.18
1000123,P00007042,M,36-45,9,B,4+,Married,1,119.71
1000123,P00240242,M,36-45,9,B,4+,Married,1,81.30
1000124,P00291042,M,55+,7,C,1,Married,8,79.04
1000125,P00244642,M,46-50,14,B,3,Married,11,44.97
1000125,P00090542,M,46-50,14,B,3,Married,16,164.98
1000125,P00274142,M,46-50,14,B,3,Married,1,192.34
1000125,P00266642,M,46-50,14,B,3,Married,1,152.53
1000125,P00182142,M,46-50,14,B,3,Married,1,190.64
1000125,P00270542,M,46-50,14,B,3,Married,1,116.47
1000126,P00087042,M,18-25,9,B,1,Single,10,232.33
1000126,P00121642,M,18-25,9,B,1,Single,5,36.38
1000127,P00145042,F,46-50,3,C,1,Married,1,196.81
1000127,P00086442,F,46-50,3,C,1,Married,8,58.86
1000127,P00361842,F,46-50,3,C,1,Married,15,173.20
1000127,P00057442,F,46-50,3,C,1,Married,5,53.32
1000127,P00078142,F,46-50,3,C,1,Married,8,78.90
1000128,P00245642,M,55+,6,A,1,Married,5,86.29
1000129,P00037542,M,26-35,11,C,2,Single,1,153.83
1000129,P00049842,M,26-35,11,C,2,Single,1,156.41
1000129,P00022942,M,26-35,11,C,2,Single,5,52.98
1000129,P00000642,M,26-35,11,C,2,Single,1,155.25
1000129,P00183442,M,26-35,11,C,2,Single,1,194.06
1000130,P00350442,M,36-45,17,B,3,Married,2,36.88
1000130,P00119542,M,36-45,17,B,3,Married,8,22.09
1000130,P00025442,M,36-45,17,B,3,Married,1,197.06
1000130,P00080342,M,36-45,17,B,3,Married,1,159.07
1000130,P00127642,M,36-45,17,B,3,Married,1,190.62
1000130,P00127242,M,36-45,17,B,3,Married,1,152.44
1000130,P00338542,M,36-45,17,B,3,Married,1,193.04
1000130,P00246142,M,36-45,17,B,3,Married,1,192.40
1000130,P00317642,M,36-45,17,B,3,Married,1,195.59
1000130,P00339542,M,36-45,17,B,3,Married,1,190.90
1000130,P00277442,M,36-45,17,B,3,Married,1,157.44
1000131,P00170642,M,18-25,4,C,4+,Single,5,68.86
1000131,P00115442,M,18-25,4,C,4+,Single,8,80.75
1000131,P00212742,M,18-25,4,C,4+,Single,5,88.01
1000131,P00209842,M,18-25,4,C,4+,Single,5,87.34
1000131,P00150742,M,18-25,4,C,4+,Single,8,59.36
1000131,P00154642,M,18-25,4,C,4+,Single,8,59.45
1000131,P00109342,M,18-25,4,C,4+,Single,5,54.18
1000131,P00162642,M,18-25,4,C,4+,Single,5,68.96
1000131,P00192542,M,18-25,4,C,4+,Single,1,77.34
1000131,P00017042,M,18-25,4,C,4+,Single,8,81.27
1000132,P00100842,M,26-35,17,C,1,Single,5,87.09
1000132,P00329442,M,26-35,17,C,1,Single,5,86.78
1000132,P00303842,M,26-35,17,C,1,Single,5,54.63
1000132,P00045842,M,26-35,17,C,1,Single,5,37.43
1000132,P00250242,M,26-35,17,C,1,Single,5,87.51
1000133,P00012542,F,26-35,0,C,1,Married,5,69.54
1000133,P00152442,F,26-35,0,C,1,Married,8,99.72
1000133,P00058442,F,26-35,0,C,1,Married,5,70.41
1000133,P00303842,F,26-35,0,C,1,Married,5,87.79
1000133,P00248342,F,26-35,0,C,1,Married,8,77.97
1000134,P00218642,M,26-35,0,C,3,Married,5,36.22
1000134,P00125942,M,26-35,0,C,3,Married,1,157.83
1000134,P00241542,M,26-35,0,C,3,Married,1,38.43
1000134,P00346442,M,26-35,0,C,3,Married,1,38.77
1000135,P00295942,M,18-25,4,C,1,Married,2,162.41
1000135,P00248942,M,18-25,4,C,1,Married,1,191.46
1000135,P00270142,M,18-25,4,C,1,Married,5,37.09
1000136,P0099042,M,18-25,2,B,3,Single,5,88.50
1000136,P00367142,M,18-25,2,B,3,Single,11,14.98
1000136,P00233342,M,18-25,2,B,3,Single,1,43.04
1000136,P00118842,M,18-25,2,B,3,Single,5,70.31
1000136,P00034842,M,18-25,2,B,3,Single,5,17.54
1000136,P00001142,M,18-25,2,B,3,Single,5,36.13
1000136,P00008842,M,18-25,2,B,3,Single,1,155.63
1000136,P00222142,M,18-25,2,B,3,Single,5,70.92
1000136,P00059442,M,18-25,2,B,3,Single,6,167.09
1000136,P00189842,M,18-25,2,B,3,Single,3,55.96
1000136,P00074142,M,18-25,2,B,3,Single,3,82.24
1000136,P00051942,M,18-25,2,B,3,Single,5,69.01
1000136,P00013742,M,18-25,2,B,3,Single,5,52.89
1000136,P00321742,M,18-25,2,B,3,Single,5,52.28
1000137,P00250842,F,46-50,6,C,4+,Married,8,81.26
1000137,P00198742,F,46-50,6,C,4+,Married,1,114.46
1000137,P00010742,F,46-50,6,C,4+,Married,1,153.34
1000137,P00303342,F,46-50,6,C,4+,Married,1,157.39
1000137,P00004242,F,46-50,6,C,4+,Married,1,118.09
1000137,P00173942,F,46-50,6,C,4+,Married,1,118.14
1000137,P00058442,F,46-50,6,C,4+,Married,5,69.38
1000137,P00124642,F,46-50,6,C,4+,Married,16,168.28
1000137,P00026042,F,46-50,6,C,4+,Married,8,80.66
1000138,P00113242,M,18-25,20,C,1,Married,1,193.91
1000138,P00081142,M,18-25,20,C,1,Married,6,121.46
1000138,P00135742,M,18-25,20,C,1,Married,6,199.77
1000139,P00329542,F,26-35,20,C,2,Single,1,77.73
1000139,P00249642,F,26-35,20,C,2,Single,3,83.14
1000139,P00020142,F,26-35,20,C,2,Single,7,210.02
1000139,P00274942,F,26-35,20,C,2,Single,8,97.46
1000139,P00110842,F,26-35,20,C,2,Single,1,152.39
1000139,P00121342,F,26-35,20,C,2,Single,1,157.95
1000139,P00121642,F,26-35,20,C,2,Single,5,87.78
1000139,P00159542,F,26-35,20,C,2,Single,10,235.95
1000139,P00115142,F,26-35,20,C,2,Single,1,191.17
1000139,P00044442,F,26-35,20,C,2,Single,1,156.88
1000139,P00227542,F,26-35,20,C,2,Single,13,9.28
1000139,P00127842,F,26-35,20,C,2,Single,1,153.11
1000139,P00241642,F,26-35,20,C,2,Single,1,196.21
1000139,P00226742,F,26-35,20,C,2,Single,11,15.58
1000140,P00062842,F,36-45,1,B,3,Single,1,38.43
1000140,P00084642,F,36-45,1,B,3,Single,13,7.70
1000142,P00192042,M,26-35,7,A,2,Single,5,52.67
1000142,P00002542,M,26-35,7,A,2,Single,8,40.72
1000142,P00028842,M,26-35,7,A,2,Single,6,202.14
1000142,P00184942,M,26-35,7,A,2,Single,1,120.25
1000142,P00025442,M,26-35,7,A,2,Single,1,152.12
1000143,P00250242,M,18-25,3,C,0,Single,5,71.70
1000143,P00184942,M,18-25,3,C,0,Single,1,196.62
1000143,P00284642,M,18-25,3,C,0,Single,5,69.51
1000145,P00250342,M,18-25,4,C,4+,Single,16,167.72
1000145,P00317842,M,18-25,4,C,4+,Single,8,59.53
1000145,P00214142,M,18-25,4,C,4+,Single,8,97.56
1000145,P00248342,M,18-25,4,C,4+,Single,8,21.59
1000146,P00248942,F,36-45,20,B,3,Married,1,156.59
1000146,P00188542,F,36-45,20,B,3,Married,5,52.47
1000146,P00081142,F,36-45,20,B,3,Married,6,160.04
1000146,P00088242,F,36-45,20,B,3,Married,6,120.53
1000146,P00223842,F,36-45,20,B,3,Married,2,34.89
1000146,P00121042,F,36-45,20,B,3,Married,15,166.16
1000146,P00027142,F,36-45,20,B,3,Married,8,79.68
1000146,P00114142,F,36-45,20,B,3,Married,8,99.32
1000146,P00116742,F,36-45,20,B,3,Married,11,29.44
1000146,P00289642,F,36-45,20,B,3,Married,8,80.57
1000146,P00118442,F,36-45,20,B,3,Married,1,153.47
1000146,P00227742,F,36-45,20,B,3,Married,5,71.10
1000146,P00127542,F,36-45,20,B,3,Married,1,38.36
1000146,P00010842,F,36-45,20,B,3,Married,8,98.85
1000146,P00323942,F,36-45,20,B,3,Married,8,98.32
1000146,P00101142,F,36-45,20,B,3,Married,8,78.92
1000146,P00203142,F,36-45,20,B,3,Married,16,168.13
1000146,P00112342,F,36-45,20,B,3,Married,13,9.59
1000146,P00129642,F,36-45,20,B,3,Married,5,53.81
1000146,P00178642,F,36-45,20,B,3,Married,5,70.55
1000146,P00288442,F,36-45,20,B,3,Married,5,68.66
1000146,P00274042,F,36-45,20,B,3,Married,1,191.77
1000146,P00091842,F,36-45,20,B,3,Married,8,78.05
1000146,P00320442,F,36-45,20,B,3,Married,6,86.67
1000147,P00184942,M,18-25,4,B,4+,Single,1,194.74
1000147,P00016042,M,18-25,4,B,4+,Single,1,119.16
1000147,P00214242,M,18-25,4,B,4+,Single,1,75.89
1000147,P00110742,M,18-25,4,B,4+,Single,1,153.08
1000147,P00008542,M,18-25,4,B,4+,Single,2,96.14
1000147,P00352142,M,18-25,4,B,4+,Single,1,153.87
1000147,P00150942,M,18-25,4,B,4+,Single,6,205.85
1000148,P00184942,M,51-55,17,B,3,Married,1,190.31
1000148,P00118442,M,51-55,17,B,3,Married,1,156.71
1000148,P00317442,M,51-55,17,B,3,Married,1,152.89
1000148,P00063342,M,51-55,17,B,3,Married,1,121.01
1000148,P00042142,M,51-55,17,B,3,Married,1,153.83
1000148,P00047242,M,51-55,17,B,3,Married,1,196.08
1000148,P00114542,M,51-55,17,B,3,Married,5,18.27
1000148,P00156742,M,51-55,17,B,3,Married,5,17.87
1000148,P00119242,M,51-55,17,B,3,Married,18,23.18
1000148,P00190742,M,51-55,17,B,3,Married,3,82.87
1000148,P00199442,M,51-55,17,B,3,Married,5,88.12
1000148,P00193042,M,51-55,17,B,3,Married,5,71.14
1000148,P00327842,M,51-55,17,B,3,Married,8,77.99
1000148,P00005042,M,51-55,17,B,3,Married,6,86.57
1000148,P00057242,M,51-55,17,B,3,Married,5,53.75
1000148,P00074442,M,51-55,17,B,3,Married,1,117.15
1000148,P00214342,M,51-55,17,B,3,Married,5,70.21
1000148,P00036542,M,51-55,17,B,3,Married,4,21.41
1000148,P00181842,M,51-55,17,B,3,Married,11,60.53
1000148,P00304742,M,51-55,17,B,3,Married,8,59.55
1000149,P00109242,M,26-35,1,B,2,Married,6,159.69
1000149,P00289342,M,26-35,1,B,2,Married,5,52.67
1000149,P00213742,M,26-35,1,B,2,Married,8,61.51
1000149,P00293242,M,26-35,1,B,2,Married,8,60.18
1000149,P00163842,M,26-35,1,B,2,Married,8,61.40
1000149,P00046142,M,26-35,1,B,2,Married,1,190.91
1000149,P00028242,M,26-35,1,B,2,Married,6,205.38
1000149,P00028542,M,26-35,1,B,2,Married,6,161.37
1000149,P00051442,M,26-35,1,B,2,Married,8,100.24
1000149,P00100842,M,26-35,1,B,2,Married,5,70.47
1000149,P00184442,M,26-35,1,B,2,Married,1,155.71
1000149,P00345842,M,26-35,1,B,2,Married,2,162.35
1000149,P00323942,M,26-35,1,B,2,Married,8,99.93
1000149,P00137542,M,26-35,1,B,2,Married,1,151.61
1000149,P00030842,M,26-35,1,B,2,Married,1,78.35
1000149,P00150342,M,26-35,1,B,2,Married,8,61.88
1000149,P00369742,M,26-35,1,B,2,Married,5,87.52
1000149,P00069042,M,26-35,1,B,2,Married,3,107.15
1000149,P00277942,M,26-35,1,B,2,Married,1,152.10
1000149,P00283942,M,26-35,1,B,2,Married,5,69.98
1000149,P00207042,M,26-35,1,B,2,Married,5,70.64
1000149,P00350342,M,26-35,1,B,2,Married,1,151.65
1000150,P00294542,M,36-45,7,B,0,Married,8,58.65
1000150,P00174442,M,36-45,7,B,0,Married,5,86.97
1000150,P00033642,M,36-45,7,B,0,Married,5,87.98
1000150,P00025442,M,36-45,7,B,0,Married,1,152.55
1000150,P00120042,M,36-45,7,B,0,Married,1,156.97
1000150,P00086042,M,36-45,7,B,0,Married,8,80.09
1000150,P00198142,M,36-45,7,B,0,Married,2,132.72
1000150,P00057742,M,36-45,7,B,0,Married,2,160.61
1000150,P00101942,M,36-45,7,B,0,Married,8,79.95
1000150,P00113342,M,36-45,7,B,0,Married,1,155.90
1000151,P00112142,F,26-35,20,A,1,Married,1,120.63
1000151,P00062842,F,26-35,20,A,1,Married,1,116.53
1000151,P00052642,F,26-35,20,A,1,Married,5,70.11
1000151,P00021642,F,26-35,20,A,1,Married,8,60.89
1000151,P00007342,F,26-35,20,A,1,Married,8,58.44
1000151,P00154742,F,26-35,20,A,1,Married,8,81.24
1000151,P00016342,F,26-35,20,A,1,Married,1,119.77
1000151,P00141842,F,26-35,20,A,1,Married,5,71.79
1000151,P00197442,F,26-35,20,A,1,Married,8,19.90
1000151,P00048642,F,26-35,20,A,1,Married,5,54.71
1000151,P00000642,F,26-35,20,A,1,Married,1,156.78
1000151,P00358742,F,26-35,20,A,1,Married,5,68.94
1000151,P00370342,F,26-35,20,A,1,Married,8,79.64
1000151,P00138542,F,26-35,20,A,1,Married,5,87.07
1000151,P00031442,F,26-35,20,A,1,Married,5,85.75
1000151,P00128242,F,26-35,20,A,1,Married,5,70.35
1000151,P00221342,F,26-35,20,A,1,Married,1,114.93
1000151,P00211142,F,26-35,20,A,1,Married,5,51.80
1000151,P00152742,F,26-35,20,A,1,Married,5,70.09
1000151,P00211042,F,26-35,20,A,1,Married,5,52.05
1000151,P00245642,F,26-35,20,A,1,Married,5,71.75
1000151,P00148342,F,26-35,20,A,1,Married,5,71.59
1000151,P00085242,F,26-35,20,A,1,Married,8,61.29
1000151,P00134342,F,26-35,20,A,1,Married,5,70.87
1000152,P00159942,M,18-25,4,A,3,Single,5,87.44
1000153,P00031642,M,0-17,10,C,0,Single,5,85.88
1000153,P00059442,M,0-17,10,C,0,Single,6,206.79
1000153,P00340642,M,0-17,10,C,0,Single,5,88.17
1000154,P00214242,M,51-55,20,A,4+,Married,1,78.21
1000154,P00105142,M,51-55,20,A,4+,Married,1,81.44
1000154,P00262242,M,51-55,20,A,4+,Married,1,152.57
1000154,P00307342,M,51-55,20,A,4+,Married,8,61.39
1000155,P00205642,M,36-45,12,C,4+,Married,5,69.67
1000155,P00295942,M,36-45,12,C,4+,Married,2,68.07
1000155,P00053942,M,36-45,12,C,4+,Married,1,79.44
1000155,P00248142,M,36-45,12,C,4+,Married,5,54.15
1000155,P00022542,M,36-45,12,C,4+,Married,5,19.16
1000155,P00323842,M,36-45,12,C,4+,Married,2,162.08
1000155,P00252442,M,36-45,12,C,4+,Married,8,97.95
1000156,P00304842,F,46-50,7,C,4+,Married,8,98.72
1000156,P00002542,F,46-50,7,C,4+,Married,8,60.10
1000156,P00240142,F,46-50,7,C,4+,Married,5,71.41
1000157,P00140042,M,36-45,16,A,1,Single,1,155.44
1000157,P00028442,M,36-45,16,A,1,Single,1,77.62
1000157,P00289042,M,36-45,16,A,1,Single,8,79.48
1000157,P00141442,M,36-45,16,A,1,Single,8,61.23
1000157,P00345742,M,36-45,16,A,1,Single,1,114.75
1000157,P00065342,M,36-45,16,A,1,Single,2,63.68
1000157,P00298142,M,36-45,16,A,1,Single,5,69.62
1000157,P00177942,M,36-45,16,A,1,Single,5,35.22
1000157,P00223242,M,36-45,16,A,1,Single,5,51.85
1000157,P00105942,M,36-45,16,A,1,Single,5,54.74
1000157,P00111542,M,36-45,16,A,1,Single,2,129.20
1000158,P00347242,M,55+,7,C,2,Married,8,97.03
1000158,P00111542,M,55+,7,C,2,Married,2,133.24
1000159,P00277642,F,46-50,0,A,1,Married,2,128.28
1000160,P00198042,M,36-45,7,C,3,Single,11,46.81
1000160,P00327842,M,36-45,7,C,3,Single,8,58.81
1000161,P00086042,M,46-50,16,C,4+,Married,8,81.08
1000161,P00111542,M,46-50,16,C,4+,Married,2,161.22
1000161,P00024042,M,46-50,16,C,4+,Married,7,209.15
1000161,P00313342,M,46-50,16,C,4+,Married,5,86.89
1000161,P00064942,M,46-50,16,C,4+,Married,8,100.62
1000161,P00112442,M,46-50,16,C,4+,Married,6,162.72
1000161,P00205442,M,46-50,16,C,4+,Married,5,68.75
1000161,P00312942,M,46-50,16,C,4+,Married,8,98.21
1000161,P00289942,M,46-50,16,C,4+,Married,3,137.17
1000161,P00304442,M,46-50,16,C,4+,Married,1,153.78
1000161,P00125742,M,46-50,16,C,4+,Married,8,100.40
1000161,P00285742,M,46-50,16,C,4+,Married,8,80.65
1000162,P00004842,F,18-25,4,C,4+,Single,3,57.11
1000162,P00249142,F,18-25,4,C,4+,Single,5,70.59
1000162,P00338442,F,18-25,4,C,4+,Single,1,118.08
1000162,P00351142,F,18-25,4,C,4+,Single,1,190.91
1000162,P00010242,F,18-25,4,C,4+,Single,5,88.44
1000163,P00014742,M,18-25,4,A,1,Single,11,15.34
1000163,P00079442,M,18-25,4,A,1,Single,8,39.23
1000163,P00283942,M,18-25,4,A,1,Single,5,35.06
1000163,P00208942,M,18-25,4,A,1,Single,6,40.00
1000163,P00028242,M,18-25,4,A,1,Single,6,45.97
1000163,P00340642,M,18-25,4,A,1,Single,5,34.60
1000163,P00322342,M,18-25,4,A,1,Single,5,36.11
1000163,P00309142,M,18-25,4,A,1,Single,1,83.05
1000163,P00270942,M,18-25,4,A,1,Single,1,120.17
1000163,P00305142,M,18-25,4,A,1,Single,1,115.75
1000163,P00019342,M,18-25,4,A,1,Single,1,113.74
1000163,P00128042,M,18-25,4,A,1,Single,1,153.12
1000163,P00345642,M,18-25,4,A,1,Single,1,80.67
1000163,P00229742,M,18-25,4,A,1,Single,1,116.35
1000163,P00194642,M,18-25,4,A,1,Single,1,80.81
1000163,P00206442,M,18-25,4,A,1,Single,1,39.31
1000163,P00149542,M,18-25,4,A,1,Single,1,41.45
1000163,P00138242,M,18-25,4,A,1,Single,1,39.16
1000163,P00035242,M,18-25,4,A,1,Single,8,40.12
1000163,P00135842,M,18-25,4,A,1,Single,5,37.59
1000163,P00035742,M,18-25,4,A,1,Single,11,29.52
1000163,P00276642,M,18-25,4,A,1,Single,8,41.52
1000163,P00019142,M,18-25,4,A,1,Single,11,30.68
1000163,P00137642,M,18-25,4,A,1,Single,3,56.97
1000165,P00110942,M,18-25,16,A,1,Single,1,115.16
1000165,P00005042,M,18-25,16,A,1,Single,6,199.28
1000165,P00188442,M,18-25,16,A,1,Single,5,68.73
1000165,P00329542,M,18-25,16,A,1,Single,1,158.79
1000165,P00346342,M,18-25,16,A,1,Single,1,114.00
1000166,P00184942,M,18-25,4,B,1,Married,1,120.06
1000166,P00111042,M,18-25,4,B,1,Married,15,168.56
1000166,P00046742,M,18-25,4,B,1,Married,1,154.70
1000166,P00028842,M,18-25,4,B,1,Married,6,159.56
1000166,P00238442,M,18-25,4,B,1,Married,6,199.66
1000166,P00270242,M,18-25,4,B,1,Married,8,77.86
1000166,P00073842,M,18-25,4,B,1,Married,1,154.54
1000166,P00197342,M,18-25,4,B,1,Married,1,79.24
1000166,P00318142,M,18-25,4,B,1,Married,2,97.52
1000166,P00015542,M,18-25,4,B,1,Married,1,115.13
1000166,P00184142,M,18-25,4,B,1,Married,8,81.15
1000166,P00034742,M,18-25,4,B,1,Married,5,88.43
1000166,P00049642,M,18-25,4,B,1,Married,8,98.49
1000166,P00303642,M,18-25,4,B,1,Married,8,98.12
1000166,P00071442,M,18-25,4,B,1,Married,15,166.51
1000166,P00226442,M,18-25,4,B,1,Married,11,31.72
1000166,P00110542,M,18-25,4,B,1,Married,8,99.42
1000166,P00014542,M,18-25,4,B,1,Married,8,59.66
1000166,P0098542,M,18-25,4,B,1,Married,8,61.82
1000166,P00231142,M,18-25,4,B,1,Married,5,52.80
1000166,P00031542,M,18-25,4,B,1,Married,5,53.46
1000166,P00258742,M,18-25,4,B,1,Married,5,89.02
1000169,P00288042,M,26-35,7,B,3,Single,8,79.99
1000169,P00119142,M,26-35,7,B,3,Single,3,54.23
1000169,P00053842,M,26-35,7,B,3,Single,4,14.60
1000169,P00176042,M,26-35,7,B,3,Single,8,61.46
1000169,P00116142,M,26-35,7,B,3,Single,10,97.32
1000169,P00089442,M,26-35,7,B,3,Single,8,78.61
1000169,P00128942,M,26-35,7,B,3,Single,1,154.19
1000169,P00085442,M,26-35,7,B,3,Single,12,14.34
1000169,P00322042,M,26-35,7,B,3,Single,5,69.71
1000169,P00021742,M,26-35,7,B,3,Single,5,70.34
1000169,P00136542,M,26-35,7,B,3,Single,5,70.13
1000169,P00139942,M,26-35,7,B,3,Single,5,68.98
1000169,P00194442,M,26-35,7,B,3,Single,5,51.39
1000169,P00100642,M,26-35,7,B,3,Single,5,54.29
1000169,P00178442,M,26-35,7,B,3,Single,5,51.87
1000169,P00259342,M,26-35,7,B,3,Single,5,86.55
1000169,P00251342,M,26-35,7,B,3,Single,5,54.32
1000169,P00119742,M,26-35,7,B,3,Single,5,70.19
1000169,P00100842,M,26-35,7,B,3,Single,5,68.97
1000169,P00279642,M,26-35,7,B,3,Single,7,84.66
1000169,P00271142,M,26-35,7,B,3,Single,5,86.98
1000169,P00316742,M,26-35,7,B,3,Single,4,27.50
1000169,P00285742,M,26-35,7,B,3,Single,8,80.15
1000169,P00193542,M,26-35,7,B,3,Single,1,192.52
1000169,P00329342,M,26-35,7,B,3,Single,5,54.46
1000169,P00048142,M,26-35,7,B,3,Single,1,158.00
1000169,P00042942,M,26-35,7,B,3,Single,1,158.51
1000169,P00241242,M,26-35,7,B,3,Single,1,154.02
1000169,P00250542,M,26-35,7,B,3,Single,4,14.54
1000170,P00111142,M,26-35,11,C,1,Married,1,196.96
1000170,P00113342,M,26-35,11,C,1,Married,1,157.45
1000171,P00100442,F,51-55,17,B,1,Married,2,160.18
1000172,P00346542,M,26-35,3,C,2,Single,10,140.70
1000173,P00084642,M,26-35,0,B,1,Married,13,7.59
